评论人, 评论时间, 评论内容
思睿奕辰,1年前,纠正一下，万有引力号上的引力波发射器三体人是知道的，水滴有去发动攻击，只是人类命不该绝，遇到水滴的通讯盲区而且进入四维空间碎片，万有引力号直接对水滴进行了高维度打击，把水滴给废了，然后才有万有引力号的对外广播。
谪仙人魂,1月前,万有引力在边上看呆了
谪仙人魂,1月前,放屁，那是蓝色空间号发的
heyo_morning,5月前,是的，矮大紧记错了
LOIS_j6,1年前,去年把三体看完的，当时就感到一种难以言状的悲哀，周围的啥都不是是事儿了，莫名地会朝天空看看……我觉得我可能只理解了三体的50％，或许都没有，这次听你的解读，打算再去看一遍三体。谢谢你，晓松！
江左梅郎_bp,6月前,三体是把人类做的所有错误换给了人类！
我和我的全世界,7月前,看完会不会变颓废？
WILLY_2m,11月前,地球在宇宙中连尘埃都算不上的。不用多想，哈哈:grinning_face_with_smiling_eyes:
MCwx任皓熔,1年前,严重怀疑大刘就是外星人
Dut_Daniel,8月前,看看高晓松的家庭背景你就知道了。当时学高等流体力学，学到一个普朗特的关门弟子，然后这个女的是高晓松的外婆
沉默_nht,1年前,同感
Callas_YY,1年前,同感！
1503142xvla,1年前,终于更新了，那天晚上一口气听了前两章，然后失眠了。买了个kindle为了看三体
东海章鱼哥,24天前,老哥，我也是在kindle上看的三体，哈哈哈
1386941oigl,5月前,我看过三遍
呵呵_jor,1年前,..
泽汐_tx,1年前,记得几年前第一次看三体的时候的震撼 今天重温了还是觉得大刘是中国科幻界不可多得的大牛
何足道zZ,1月前,绝对的唯一
石头_q2a,3月前,唯一
katz,1年前,不是不可多得，是唯一
缘如水_木子,1年前,好看的皮囊千篇一律，有趣的灵魂万里挑一，高晓松硕大的脸在我眼里是那样的俊俏。
放歌殊未已,1年前,片头能不短点？世界很大，任我晓说。这样好吗？
暴戾的天真,29天前,好
影子97_00,1年前,前排，三体迷表示矮大紧讲的靠谱
倾城之恋_q0,1年前,超级喜欢矮大紧老师的作品！就是以前的晓说找不到了，很遗憾！
清静自然2015,1月前,看不到这个软件啊，一共几个字啊，两个中文加两个字母吗？
大东_zny,8月前,这是什么？
心怡在一起,9月前,真的，想不到竞争有那么厉害吗？好想笑
三泉叠映,1年前,消灭人类暴政，世界属于三体。
1896944lpjf,1年前,按照目前的目的来说，的确是归0者
One_Ol_f2ddcdbe9b164,1年前,属于归零者吧
陈建国_mp,1年前,世界属于歌者文明
沧海漪粟,1年前,矮大紧讲的三体情节，很多关键部分都被漏掉或串改了，严重怀疑他有没有认真阅读《黑暗森林》和《死神永生》
ElliottArryn,16天前,不能剧透啊
奥德_hi,28天前,好好看看高晓松的背景，人出生就是新中国的贵族！见个什么人都不是事情，一般人和高都拉不上关系！
瓦西里V,8月前,细节很多，要讲全，讲的全部都准，是很难的事情。
飘然_Er,1年前,我看过最后悔的一本书叫世界名著缩写，这节目应该改名叫如何假装你读过三体，真想看书的人建议看完再听
瓦西里V,8月前,我就是听课第一讲，先忍着，然后把三本看完了，再来听。幸好是这个顺序，否则有些细节听不懂，还有一些细节会被大紧带到沟里。大紧是面壁人，也是破壁人。
maobao23,1年前,晓松老师 非常非常喜欢你 从你的才华到个人魅力 均喜爱至极！！ 尽管你粉丝万千 还是想对你告白 希望你知道有我这样一个无名小粉丝深爱你 无限崇拜你！
娟子_xdq,26天前,你不喜欢干嘛在这受煎熬
斯巴达克斯_av,11月前,你个彪呼呼的样，高晓松猥琐的笑声，一脸橘皮。满嘴脏字，你还好意思说喜欢。你简直太低俗了
江小鲤多吃两碗,1年前,骨肉皮吧
不可思议_喵喵咪,1年前,2017这季没有第一季第二季有意思，尤其美国、日本、欧洲……系列特别爱听，甚至全部下载重听。世界那么大，国家那么多，为什么不带着我们去周游世界，讲讲当地的历史风景美食人文特点什么的多好。
哇嘎嘎嘎HL,1年前,哈哈哈哈哈
股海之王,1年前,你还处在衣食果腹的阶段，不懂诗和远方的意义
JEFFHUO,1年前,《三体》确实应该由阿里买下版权，和HBO合拍！！！！而不是给国内的草台班子浪费了…请大家一起呼吁下
暴戾的天真,29天前,这个不能拍，谁拍谁毁神作!听完晓说，准备二刷三体
股海之王,1年前,看完三体，我把几乎能找到的大刘的科幻都看了一遍，大刘这人真有意思，写的作品很有启发意义，但是的确《三体》是他唯一写的最完整，篇幅最长，视野所及范围最宏大的作品
米糠zmy,1年前,:face_with_tears_of_joy::face_with_tears_of_joy::face_with_tears_of_joy::face_with_tears_of_joy:干嘛用轮流放屁来比喻啊？轮流吹气不好吗？
米糠zmy,10月前,
纸里包火,11月前,因为北方人说屁是崩出来的，比吹的劲儿大。
斯巴达克斯_av,11月前,他就太低俗了，
佳佳aksa,1年前,三体眼里人类是虫子 没有恨不恨 因他们根本不在乎你
13075389xjw,1年前,对「吞噬者」很好看！
奔_yz,1年前,大刘曾经写过一篇关于存在了两百万年的蚂蚁族群被人类挖掘机随随便便就灭绝了的故事，我们人类就是三体眼中的蚂蚁，一回事。道德对同一文明才有效
刂巾_av,1年前, 拍死你与你何干
不总买票的影迷,1年前,大紧老师又一次成就了三体的销量
小雨_1aq,1年前,晓说讲到兴起时就开始卖萌！台湾腔！他一定超爱这部小说！讲起来那是一个激动、兴奋完全不像走过48年的男人！而是一个活泼可爱的大男孩:boy:！
文文_y8a,1年前,同感
polyphony,1年前,推荐大家去看文曰小强做的三体视频，你会回来点赞的！
某人_po,1年前,大紧说错了……并不是三体不知道万有引力有引力波发射装置，而是水滴被青铜时代上面的人利用四维空间破坏了，这也是人类第一次看到四维空间与维度战争，也为之后的降维打击立下了flag
一心为你_8K,1年前,是蓝色空间号
孙俊峰_g1,1年前,程心推荐云天明时，并不知道那颗星是云天明送的；三体事先就知道万有引力号能发射引力波.
豹子_d6,4月前,正解。万有引力号和蓝色空间号等其实在第二部中是做为一个简化“黑暗森林”的寓言在提醒人类，罗辑向大史阐述黑暗森林时表示他关注了这几艘战舰的黑暗森林状态。这几艘战舰在第三部中又做为“降维打击”的提示在提醒人类，可惜这次没能参透。
daobahu_sf,1年前,一直订阅科幻世界，超级喜欢刘慈欣。十年前第一次看三体第一部，和大刘以前的作品不一样，开始没看懂。也不是很喜欢。后来又看了黑暗森林和死神永生，震惊啦。大牛太牛比了。三本书看了不下三遍，越来越喜欢。
sfwysl,1年前,sfw同志你好
厂娃儿,1年前,松爷，作为看了三遍三体的铁粉，只能给你60分了。确实故事太宏大，脑洞太多，亮点太多，思维太深刻，一般人不好讲
Sandy_y7,1年前,你看了三遍？佩服，说说你体会到的哪些精彩之处
刘莲_wi,1年前,听了晓说和看了奇葩说后，发现矮大紧也没那么丑了
种小鱼,1年前,大紧喜欢听这话吧？
挥墨染尘_t9,1年前,大刘从开始嗦那个君士坦丁堡什么的，就是给毁灭水滴埋的伏笔，神一般的大刘
h7k27kc4dkav5g3dmpgr,1年前,大紧老师真的不应该略过了四维空间，海，水洼，墓地，对水滴的降维打击。 这些是第三本的灵魂内容啊。
离去之原33,1年前,那得要讲几个小时
世界0912,1年前,听完这集感觉我根本没看懂第三本书啊！
瓦西里V,8月前,听完这集感觉自己没有看懂，大紧也没有看懂
我是二姐夫,1年前,毁灭你，与你无关。三体这么宏大的故事，根本就不是几十分钟甚至几个小时能交代清楚的。高晓松这次故事复述实在是漏掉太多关键内容了。但是没办法，换谁也是mission impossible
微光similar,1年前,三体人很单纯，那句，“我害怕你们”。特别萌
malin912,1年前,善良有才是最高的颜值
久见浑不吝,1年前,天赋的排他性生存法则造就了人性本恶。
本宫挚爱乃杨湃,1年前,不是程心:red_heart:想把云天明大脑拿走。是联合国情报部门发现了云天明是最符合条件的大脑。他毕业于天文专业 年轻的生命到了终点 。
冰麒麟_no,1年前,是联合国情报部门决定要送大脑，然后成心和同学聊天得知云天明得了癌症。她的第一反应就是向部门推荐了云天明。
aiwuhen,1年前,核弹怎么能到指定位置 既然核弹能到 为啥不把飞船直接发送到最后一个核弹位置得了
豹子_d6,4月前,短距离阶梯式加速到一定速度就行了，比如光速的百分之一，因为是太空中飞行，所以之后可以理解为匀速运动，指望三体文明对这个进行拦截，而不是想象的核弹运送到很远甚至出了太阳系进行持续的加速。原文对这一想法进行了详细的阐述，逻辑能交圈。
1314760cuhb,5月前,正解
缘来我叫maki,10月前,小说中得加速方式是辐射帆，每次核辐射加速一次，不代表要多远。太空中理想假设是没有阻力得，初始速度如果是1，爆炸一次核弹速度就+1,比喻+7就达到计划速度，那么只要爆炸7次就行，和爆点距离无关。例如当时人类可以随意飞行土星左右，那么只需要在这左右放7个核弹，这与在一光年距离范围放7个核弹，最后得飞船加速都是一样的。
某人_po,1年前,如果大家喜欢大刘的科幻，建议也可以看看王晋康先生的硬科幻，也是脑洞巨大，这两位我觉得应该是中国最好的科幻小说家了
钢铁璇,1年前,论人文情怀，科幻界扛把子应该是何夕吧
五福_y0,1年前,真看过科幻世界的人会这么觉得，大刘更有人文情怀
烟斗A10,1年前,成心啊呵呵呵
赵鸿岳,1年前,等到了！
吃鱼的猫头鹰,9月前,刚看完三体就过来听。中间有个地方我个人看的时候很震撼，但高老师略过没讲，就是智子离开地球时，逻辑问了最后一个问题，有没有方法可以让黑暗森林的猎手认为地球是安全的？回答是肯定的，但是黑暗森林打击本身具有随意性和直接性，人家来打你的时候不会看你家什么情况，反正就随手扔一炸弹过来……这也是成心和云天明见面的根本目的。
乐乐_ccs,1年前,其实程心让云天明捐脑子的时候并不知道云天明送了她星星，当初她也没想那么多，后面想清楚了却来不及
朱朱_ix,1年前,梦想就是诺兰拍三体！阿里能做到吗？
河边的喀秋莎_9n,1年前,还没看三体的时候感觉高晓松讲的好棒，看了之后感觉他有好多地方都讲错了……
挥墨染尘_t9,1年前,三体知道万有引力有能力广播，派了2个水滴监视，只是在四维空间水滴被人类用手给毁灭了！
一心水平,1年前,点赞！终于等到了！但是高老师，我听你解读时突然头脑风暴了～想到《三体》设定中，地球坐标暴露后，其实还有一个自救的解：人类自己把地球先炸了呀！在其它文明还没炸过来之前，先实现人类移民，即使移到木星上也可以，然后速度把地球引爆。这样其他文明看过来时发现是个空坐标，以为已经有人清理过了，就不会再出手，不就得救了嘛！没人想到过吗？！
周丶_1e,10月前,你的假设不成立，歌者文明能看到的只有太阳，地球被你炸了还是没炸他看不到，他只知道太阳系有文明，你在地球有文明还是木星火星都一样，只要有文明就灭了，除非你把太阳炸了，别的文明才会认为你被清理过了，地球文明能炸了太阳的话，肯定可以星际移民了，直接离开太阳系就好，所以炸什么的假设都是不成立的
周丶_1e,10月前,歌者文明发现三体被灭了以后，就发现了是太阳系的文明泄露了三体的坐标才导致三体被毁灭，还有你说的地球人把地球炸了躲到木星上去就是个笑话，首先歌者文明根本不会看到地球，地球在宇宙中就是一粒尘埃，你炸了也好没炸也好，在太阳光芒下下根本就看不到，更加不会知道这个行星上会有文明，歌者能看到的只有太阳，至于太阳系里的大行星你炸完了只躲在小星星上也没用，一样会被歌者文明降维打击
孤独的lamb,1年前,是太阳系坐标好吗。不是打地球。是直接摧毁地球所在整个太阳系。
67ijo2efvu2yazrbiz4s,1年前,矮大紧老师棒
假装在旅行1,6月前,人最应该担心的是自己，而不是地球，气球45亿年，什么灾难没经历过，人就相当于雄狮身上的蚊子，一边吸血一边担忧自己能把狮子撕裂。
1338315231,1年前,我给大家纠正一下，当时程心是不知道星星是云天明送的，所以才有送他大脑的想法
trance_fw,1年前,怀疑高晓松没有好好看三体，这些都没看到
闲池阁_9x,1年前,对于我这个看过三体的人来讲，晓松过多的把内容放在讲述小说本身的发展和内容上，前面两集更是如此，少了胡侃少了晓松自己的话。感觉不过瘾，很不过瘾。这一集稍微好点，多了很多小说自身以外的分析。
听歌下酒,1年前,看了三体，天天脑洞大开
仁德善人,1年前,手淫伤身体，损福报。看到的还没戒的，戒了吧。
情断月落桥,1年前,讲的真好，买套三体读读
GOLDENCOMMON,1年前,你口里一边说着人类对动物如何如何，一边你还不是继续吃肉。。。。。
trance_fw,1年前,既然要生存，嘴里就不要这么说
丝路流星_xh,1年前,生存而已
天鹰_ko,1年前,大紧介绍程心的笑也太迷人了吧
张云之,1年前,哇哇，终于等到了，就喜欢这个声音
颜铭_wd,1年前,买了一套~到底是先听呢还是先看呢
Robards,1年前, 先起码看到第二部中间再听。听我的没错！先悬念，后震撼，再反思和有交流的冲动。
桃之夭夭_190,1年前,听完就在盼下一期
孤赐死,1年前,第三章终于出来了。。。等的我花都那什么了
撤不回,1年前,总有那么一瞬间会感动到你
茶觉杨怡,1年前,爱你
1559998xfrt,20天前,看评论里自以为是的各种声音的争论，和人类历史何其相似。
丰臣秀吉_,4月前,提醒一下，晓松你把程心说得太坏了，当时程心并不知道她的星星是云天明送的，才让他送脑子的，当切脑手术结束后，维德才告诉程心她的星星是云天明送的，当程心得知后，也是很后悔的。还有，三体是知道万有引力号是发射器的，水滴去追杀的，但没成功。
朕本楚狂人,9月前,刘慈欣先生就是中国科幻届的技术爆炸。
学明_nw,10月前,想听晓说讲讲中国跟朝鲜的那些事儿
judy_vz,11月前,虽然讲的粗略但还是帮助我理解了好多，花了很多碎片时间看完了三体，感觉边看边忘……听完晓松老师的讲解，不仅让我理清了整个庞大故事的脉络，还更深刻理解到了里面隐藏的除了丰富的理论知识外对人性，地球乃至宇宙的态度。读之前就听说三体是一部伟大的作品，读完之后觉得确实很伟大，听完晓说后觉得真的是太伟大了。
铂涛集团理,1年前,看书前听一遍，看完书再听一遍，对三体太爱不释手了！
phlps,1年前,为什么老是有汽车发动的声音啊
牧马人_ohd,1月前,东风尼桑小车模在他桌子上，发出的引擎声音
武S,1年前,好好的您放什么屁啊！
绿野_rg,19天前,就是
annlryo,1年前,听了2期超想看，为了不被剧透，马上买书仔细看了才来听第3期:face_with_tears_of_joy:
15866028sma,1年前,爱三体!
沐晨_je,1年前,期待更多尾声系列
和风细雨啦啦啦,1年前,那个离你3米远的人是不是说错了？如果时空弯曲那人应该在你身边了吧。比如把时空必做一张纸，把你和那个人都放在纸的两端，把纸对折是不是纸的两端就在一起了。所以两人就不是1.5米。
mario_Hl,1年前,这是我听过的最好的关于三体的书评
18506896ict,1年前,嗓音太好听了
陆陆_zf,1年前,真喜欢晓松的声音
13768153tvd,1年前,高老师能不能不要在节目中突然变身小男孩，大呼小叫啊～
18111355bpw,1年前,男神，可以讲北京折叠和郝景芳吗？我十岁的儿子想听听男神矮大紧的见解，我个人也很期待
痞子姑娘_l7,1年前,之前硬着头皮看了三体 听了觉得自己没看明白 再来一遍～
仁德善人,1年前,多找别人的好处，找好处是聚阳光。
肖特基TUBE,1年前,三体第三部，好棒棒哒
青青篱笆,1年前,失眠
像我这样迷茫的人_td,1年前,听了你讲买了一套三体
gjhxb,1年前,前排
a娥B,1年前,辛苦啦辛苦啦
cma19,1年前,沙发！
能量正08,1年前,终于更新了，等的好辛苦。超级三体迷，书看了两遍，又听了两遍。听晓松的嗨喷，特爽。
能量正08,1年前,从晓松的视角再听一次三体。
Amy爱西瓜,1年前,不睡觉就等你
虫虫_jow,3天前,去看流浪了吗？
1379323ipwv,6小时前,肯定看了啊
虫虫_jow,3天前,听晓松的解说热泪盈眶
1855660ykcq,1月前,三体里还有一句话很震撼：失去人性，失去很多，失去兽性，失去一切
简捷_h2,2月前,讲放屁那里，笑崩溃哈哈哈
YAO哦,2月前,这期没人评论？
Lukeliu,4月前,我真帅
王酉合,4月前,为什么总有汽车启动的声音呢？
筱雅x,5月前,为什么是放屁不是吹起QwQ
1386941oigl,5月前,听完感觉自己根本看明白这本书
1386941oigl,5月前,好
1386941oigl,5月前,看完之后觉着人类特别渺小
安静_wyp,5月前,冯程程？我们的少年时代中的人物？丁程鑫演的，tf家族的，也是tfboys的师弟。而且我们的少年时代也是三小只演的。高晓松也看么？
Amber_ic7,6月前,晓松笑得好欢脱…
荷叶花花,6月前,我赌一包辣条高老师读过人类简史和未来简史
ujun,7月前,？万有引力号那里讲错了吧。
绿野_rg,7月前,没看过的不要bb，很多洲际导弹都能把核弹送到太空去
1837239ubri,8月前,作为一个人生中从来都不爱看书的人，女孩吧，高晓松厉害！我都觉得每次你说的我都特别特别爱听，欲罢不能啊，此次三体更加是这样！科幻小说，真的太讨厌了，现在几次想看原著，谢谢你:smiling_face_with_smiling_eyes:
小云云_bf,11月前,说的真好
Leilei_cm,11月前,荷兰什么公司？
q16l2cy7z836ldihs2mf,1年前,又跑题了艹
Superboy_f8,1年前,我就叫陈兴，尴尬
正义流氓拯救世界,1年前,赶紧买书吧各位，高晓松十几集也说不清啊
泡泡mm,1年前,我听后把我吓坏了
乐乐的广播,1年前,啊啊啊啊啊啊啊啊啊啊啊啊啊啊 为了喝 为了为了喝奶
CCQ_o9,1年前,感觉在听人类简史
Alty千雨,1年前,。。。
trance_fw,1年前,看的时候我还以为三体会灭了地球，结果还留了个澳大利亚很不错了好吗
一亿的布布熊,1年前,高老师每次开头自己笑的好开心啊
小曹沾母丝,1年前,这两期听的有点晕
价值高于生命,1年前,愚蠢的三体。
价值高于生命,1年前,还有北极虾都有四五亿吨了，每年能提供两亿吨蛋白质了。什么扯淡玩意。
价值高于生命,1年前,三体可以作为判断智障还是智力正常的试金石，当然包括播主在内的大多是智障。
猫脸花的夏天,1年前,这么一讲就很生动，很入迷，羡慕会讲故事的人。
哈利伯伯_ef,1年前,我尊敬的高老师啊，我是小高。您认识朱幼光吗？记得2010年好像，那时我还在Lintas，中国国家形象宣传片好像就是在您的参与下拍摄的吧？当时好像还和您开过会，只是那时我不太知道您，估计您更不知道我了最近听了很多您往期的节目，觉得您真是才华横溢啊！希望有机会能见到您哈！
学习哲学美国加州硅谷,8天前,高晓松老师真的是才华横溢，一个有趣的灵魂 
cubesun,1年前,高老师你说段子时候能不能打个稿啊？地球上光是蚂蚁的总重量就等于人类了。什么三亿吨人类一亿吨自然生物啊？讲道理很好，可是不讲论据，那不就跟《读者》一样了吗？
熏衣草的幻想_9u,1年前,有种去看三体的冲动！
家乡小可1,1年前,你是没读过倪匡的小说吗？抱着个三体没完没了
花衣_wa,1年前,我以为书和音乐是不能推荐的，但是我决定看看三体
爱动脑的小壮壮,1年前,三体 我最爱的小说！
afj1yj13vnf1fof2drvc,1年前,黑暗料理。人性是黑暗的，人类对此无能为力。
公主107,1年前,期待很久
赵墨佳,1年前,通篇跑出去的话题内容都是来自于人类简史
ironplayer,1年前,左派言论，思维江化，你老了
丁小目,1年前,最后那段是什么曲子，好听
何早春,1年前,建议大家看看大刘的其他系列的中短篇小说。有一篇叫“山”的，非常非常喜欢
1508889zkfq,1年前,以为高晓松说的会有保障，没想到三体被解读成这样，可以扯得更远一点吗？没听到几句自己想要的。失望
心灰灰意冷,1年前,还有几个细节说错了，万有引力是三体帮地球人制招的。自由的一个发射器
心灰灰意冷,1年前,大紧三体说的不好。。。比我之前在得到听的差
玻璃心双子,1年前,美丽却丑陋的圣母。是人类自己选择了圣母选择了毁灭。感觉我不看第三部会比较好。
微光similar,1年前,拯救三体
13652967wpx,1年前,是个能讲故事的人，且带有的充盈的信息量。可以解闷、解压、解乏。何时更新，不会就结束了吧。
明空ek,1年前,这几讲都讲的是什么玩意？
Emma_mjz,1年前,喜欢晓说，期望晓松聊一期：那些学医的大作家，比如鲁迅、冯唐、渡边淳一，很有意思啊，求晓松深挖：）
丁小目,1年前,怎么还没更新啊
真的是尼码,1年前,就像神话一样，666
17787017781妹的威,1年前,:broken_heart::heart_with_arrow::heart_with_arrow::heart_with_ribbon::sparkling_heart::sparkling_heart::two_hearts:
随遇而安_F08,1年前,期待下期
毛豆娘娘_yb,1年前,对物理知识无力的女汉子看三体，看的过程竟有些害怕…一切只为知道个结局。现在听晓说讲述三体，感觉听完以后再看原著，会更精彩
57_Pu,1年前,我已加入高晓松唯一音频节目【矮大紧指北】。扫码进群， 即可 获得价值200元永久免费收听权！48年生活阅历，52张人性底牌。高晓松没说的话，矮大紧讲给你听。拯救尬聊，做一个武装到牙齿的文艺青年！名额有限，立即报名！【仅限前70名免费】 请问这个节目是晓松老师的节目吗？
13709109gtd,1年前,怎么开始？
坚持T,1年前,最初看三体是在科幻世界里的连载，然后就去书店找书，现在听到晓松老师说的三体，使我又想再去读一遍
小白Fu,1年前,超爱高老师
UIOPKOQE,1年前,灭火器营业厅
快消教练老A,1年前,很好
问题儿童云心晓,1年前,其实阶梯计划提出的时间跟面壁计划提出的时间是差不多的，所以阶梯计划那些核弹不是雷迪亚兹研制的。维德说只送大脑那天，罗辑刚好中弹
冰火之哀,1年前,结果在澳大利亚进化出了数名基因锁五阶圣人。把三体灭了。本书终结
Blackeggsss,1年前,终于来啦，好评
听歌下酒,1年前,喜欢喜欢
可可inging,1年前,为了不要你的剧透，特意赶在之前看三体三，只是没有看完:loudly_crying_face:只是还剩200页让我有点难过
可可inging,1年前,每周一期，等的好焦急呀
明_nua,1年前,高总实在是高。
自然123_59,1年前,没听够
一心水平,1年前,听了矮大紧对文明那段分析，我想起一句话：“万恶的资本主义”！
暴戾的天真,29天前,我也哼起了《国际歌》
1315959577,1年前,在干嘛
朝阳书虫,1年前,高老师说我们都看过电影盗梦空间？说的是星际穿越吧
奥丁蓝宝石,1年前,签到！
huangjin_if,1年前,多从文学性和思想性角度讲讲 不用复述故事吧
白天不懂夜的黑_梅,1年前,听小松讲三体太有趣了
aikoto96,1年前,为大紧打call
梦想家_chuangxin,1年前,三体是知道万有引力号是引力波发射器，是威慑纪元三体文明和人类文明的建造的，后来三体派了两个水滴去最两艘战舰
躺在床上凋谢,1年前,加班回来躺着就可以听，真好
古巴宝贝贝,1年前,终于出了
hitten,1年前,小矮晚上好 。
humple,1年前,快催眠我吧
,1年前,不是周五更新的吗?
阿汤哥_23,1年前,继续努力，睡吧
a娥B,1年前,夜猫子们夜晚好
婷风言影语,1年前,特别喜欢三体，终于讲完了
K_vvi,1年前,等的我好辛苦 哈哈一楼
Jeffreygong,1年前,第一啊第一次
Marshall马炫,1年前,沙发
xnning1125,1年前,沙发！
喜欢你飞飞,9天前,听完大刘的三体，好难过啊
绿野_rg,19天前,推荐 平面国
18096012jpt,27天前,大刘是外星人吗？
komajy,28天前,那滴滴声太讨厌了，不就说了个逼字么，有啥啊，这还屏蔽太可笑了
星辰_fs,29天前,m正一下 曲率驱动不是折叠空间 而是把曲率空间熨平，其他更大的曲率的空间就会把熨平区域的物质迅速拉过去
暴戾的天真,1月前,准备二刷《三体》
1893773xfsw,1月前,理工科的男生写的女生都很美，因为他受不了女生不美
敏儿D学,1月前,原著最美
张琦_83,1月前,用炮仗崩到外星
黑小二_8o,1月前,那云天明为什么不只讲工作把人类带走的那个故事呢？非要讲三个故事？
1554565emtt,1月前,居然还有人
白杨_i2d,1月前,每次这个打火的声音是怎么回事
小街,4天前,如果你看到画面的话，就会发现那是一辆车启动并远去
真的假不了_fr,1月前,好听，大刘伟大
爱敬Z,1月前,喜欢
对方正在偷人_tk,1月前,吹口气不行就 非的放屁
暴戾的天真,29天前,下面更隐蔽
开心就好_kl3,1月前,电影是什么空间
island_uj,1月前,不是一个叫青铜时代一个叫蓝色空间嘛
Rosie_gx,2月前,晓松老师，很喜欢听您讲的一些东西，很棒！
RandomWalk_0u,2月前,星际穿越啊
硪想一个人走,2月前,大晚上一个在屋里听着，有点害怕
1308121nlob,2月前,大刘反人类
山东人0536,2月前,程心不知星是云天明给她的，直到。。。。。。
山东人0536,2月前,程心不知星是云天明给她的，直到。。。。。。
1381312cnhv,2月前,朋友给我退推了三体的视频，有兴趣了有兴趣了
Ayas11,2月前,小松老师的笑声特别可爱 每次听到都很开心
任绍群,2月前,支持，讲的太棒了！
想屁吃呢你,2月前,没看过科幻小说或对科学不太了解的人，可能听他讲没什么感触，当你看完三体时肯定会失眠！
Zeehomn,2月前,accaB
ddqq74,3月前,一边刮葫芦皮一边听,笑得和猪一样。大紧老师绝了。
农业光魔_l7,3月前,万有引力号并不是三体不知道，而是派出去的水滴被干掉了
饺子_z5,3月前,这是一部可以拯救少年危机、青年危机、中年危机………各阶段小我危机的书
惰惰_eo,3月前,不是蓝色空间号和青铜时代号吗？怎么变成万有引力号了。我错过了什么
饭特稀_e0,3月前,好喜欢这期，喜欢的不行
Dou24,3月前,广泛覆盖比财富更丰富
jwjnet,3月前,娘炮毁所有，纯爷们才有未来。
1583899cpey,3月前,带路党
高翔_k0,3月前,明显没看完就来讲，肥皂泡就是解释曲率的
高翔_k0,3月前,曲率解释错了
石头_q2a,3月前,太空中没有冲击波吧
圣帕特里克,3月前,看完三体，高讲得不太准确
蝈蝈蝈蝈0000000,3月前,矮大紧可以说评书的
呐呐呐_轰君最棒啦,4月前,不是青铜什么号吗
山顶冻人_62,4月前,几年前一口气看完了三体，根本停不下来。那时候媒体上还没有报道过这部小说
13140081oam,4月前,书买了好几年了实在看不下去，第一本看完一半，没想到后面这么精彩！
小夏子_at,4月前,我记得三体不是想要灭绝全人类吗？想毁灭澳大利亚
A天赐恩宠,4月前,党员
逍遥颂歌,4月前,只要存在就一定正确
怒火2012,4月前,哈哈，是在车库录制节目，老听见汽车发动声音
魏如瑜,4月前,好好
小志_yiu,4月前,人类加起来多重 ?3亿吨? 养的家禽多重?7亿吨? 其他所有动物加起来多重啊? 我感觉这个有点不对啊!谁给普及下
随遇而舒,5月前,高晓松的嘴是真的臭
秋水伊人_e0q,5月前,听着高老师讲的觉得很有意思，很开心的感觉。感觉老师的心很豁达，像李白
樊_sv,5月前,
你看看你身上的rou,5月前,听完我觉得我无法正视我自己了
1386941oigl,5月前,人类确实有点过分了
星环号,5月前,哼哼哼
Fluorite_mf,5月前,第四次刷三体了。
1484680046,5月前,太不严谨了，简直是胡说八道，7亿吨的生物？一亿吨的生物？
绿野_rg,19天前,你可真棒:thumbs_up:
喵喵_15z,5月前,最恨程心
暖暖说,5月前,背景拖拉机声音是什么鬼
小黄人最可爱啦,5月前,bi~bi~bi
小黄人最可爱啦,5月前,强:thumbs_up::thumbs_up::thumbs_up::thumbs_up::thumbs_up::thumbs_up::thumbs_up::thumbs_up::thumbs_up::thumbs_up::thumbs_up::thumbs_up::thumbs_up::thumbs_up::thumbs_up::thumbs_up::thumbs_up::thumbs_up::thumbs_up::thumbs_up::thumbs_up::thumbs_up::thumbs_up::thumbs_up::thumbs_up::thumbs_up::thumbs_up::thumbs_up::thumbs_up::thumbs_up::thumbs_up::thumbs_up:
青山不改_,5月前,讲的太好了，经常开车出门。听晓说，心情愉悦！欲罢不能啊！哈哈哈
桃子的小生活,6月前,一直没看下去，老是停留在前几页，听大紧的话，看！
玩命干一年7,6月前,那句话。给时光以生命 给岁月以文明
问道_sF,6月前,说实话，高晓松的演说忒恶心
lh77,6月前,看完三体觉得自己做的什么事都没了意义
墨墨Molly,6月前,听了晓说，迫不及待想看三体了，有意思！
草草是我,6月前,牛
铁公鸡x,7月前,歌者文明那一章看了好几次
秋成_7l,7月前,云天明孤独吗
13569126cid,7月前,
13569126cid,7月前,倒:beaming_face_with_smiling_eyes::beaming_face_with_smiling_eyes::beaming_face_with_smiling_eyes::beaming_face_with_smiling_eyes::beaming_face_with_smiling_eyes:发疯啦
13569126cid,7月前,:unamused_face::unamused_face::unamused_face::unamused_face::unamused_face::unamused_face::unamused_face::unamused_face::unamused_face::unamused_face::unamused_face::unamused_face::unamused_face::unamused_face::unamused_face::unamused_face::unamused_face::sad_but_relieved_face::sad_but_relieved_face::sad_but_relieved_face::sad_but_relieved_face::sad_but_relieved_face::sad_but_relieved_face::sad_but_relieved_face::sad_but_relieved_face::sad_but_relieved_face::grinning_face_with_big_eyes::sad_but_relieved_face::sad_but_relieved_face::sad_but_relieved_face::sad_but_relieved_face::sad_but_relieved_face::sad_but_relieved_face::sad_but_relieved_face::sad_but_relieved_face::sad_but_relieved_face::sad_but_relieved_face::sad_but_relieved_face::sad_but_relieved_face::sad_but_relieved_face::sad_but_relieved_face::sad_but_relieved_face::sad_but_relieved_face::sad_but_relieved_face::sad_but_relieved_face::sad_but_relieved_face:
13569126cid,7月前,:thumbs_down::thumbs_down::thumbs_down::thumbs_down::thumbs_down::thumbs_down::thumbs_down::thumbs_down::thumbs_down::thumbs_down::thumbs_down::thumbs_down::thumbs_down::thumbs_down::thumbs_down::thumbs_down::thumbs_down::thumbs_down::thumbs_down::thumbs_down::thumbs_down::thumbs_down::thumbs_down::thumbs_down::thumbs_down::thumbs_down::thumbs_down::thumbs_down::thumbs_down:
13569126cid,7月前,哈哈哈哈哈哈哈哈！
13569126cid,7月前,小十三
13569126cid,7月前,烦:pensive_face:
13569126cid,7月前,十三体
13569126cid,7月前,笨！！！心，星。
良弘_4k,7月前,咋没文字
15608071dkl,7月前,请问怎么把核弹放到那个位置？
平原令AH,7月前,一有件事，很多人不知想过或想明白没有。人类这个种族难道在浩瀚的宇宙中只有地球存在人类吗？可能人类会自相残杀，但是这个宇宙中不可能只有地球有人类的存在。。。
绿野_rg,7月前,傻子，不要在这种节目中，说什么脸上张东西
绿野_rg,7月前,大刘感觉想进eto
绿野_rg,7月前,就是要让智子知道，能不能看完原著再bb。。
绿野_rg,7月前,放屁。。。
有墙就有门_9t,7月前,看了，但是物理学的好多知识都没看懂……
盒子精xmy,8月前,唯有死神永生，而人类向死而生
倒睫是什么,8月前,霍金警告人类：不要回复其它星球的试探信号。这话是看了三体说的吗
freeman_5Y,8月前,好听
LR芸,8月前,p
Ad罗娟,8月前,n
相聚就是缘分_d8,8月前,good
相聚就是缘分_d8,8月前,好
vrher5222x7wgj3o5svq,8月前,那你别听啊，没事自己进来找恶心
vrher5222x7wgj3o5svq,8月前,那你别听啊，没事自己进来找恶心
vrher5222x7wgj3o5svq,8月前,就你矫情，就你文明，多少年的口头禅了，不听就滚
王加诺,8月前,晓松说的好
貔貅爱饕餮_v4,8月前,毁灭你与你何干
阿洒_pt,8月前,看弹幕看到头晕眼花…………………………
LYZ_if,9月前,那个车子突突的声音真的是………
牡丹_5fy,9月前,羊驼草呢马
旅行者_go,9月前,晓松你多讲一点世界历史嘛，好有意思，那古希腊，那古埃及文明，很迷很迷～
Milton_3e,9月前,那一亿吨仅仅是指哺乳动物吧，我记得仅仅是磷虾就是很惊人的数量
无为无语,9月前,虽然说得很好，但也说错了几个细节！可能我缺的就是大局！
恣____,9月前,开枪前，要做好被杀的觉悟
败狗怼怼,9月前,爱您！
朋友圈_9o,9月前,不好看，三体写得不好看
云水之间一散人,9月前,程欣咯～
5m啊要自律,9月前,天啦，听完这集还能好好吃猪肉鸡肉吗
1379833jcrn,9月前,最恐怖的事就是用合法合理的所有人都觉得理所应当的办法，把众人仰视神一样的存在，在不知不觉中变成不能思考的牲畜，神一样的存在变成传说，活着的肉身受尽欺辱互相残杀
拂水房死士,9月前,大刘的球状闪电也是经典
孟祥坤_q5,9月前,讲的顺序不对
唐甜甜_m9,9月前,咦？上一集不是说青铜时代号吗？怎么突然变成万有引力号了
redhair2012,9月前,为什么就不能是大家吹口气！？一定要放P！晕
宁广新,9月前,晓松看过人类简史了
XuchenSitara,10月前,有个细节有些不准确：程心是在云天明走了后才知道星星是谁送的~
小灰大灰,10月前,好
大明湖畔划船的,10月前,高晓松是不是太忙了，最近的文章真是漏洞太多。
光与影_op,10月前,老卢
光与影_op,10月前,心∵
光与影_op,10月前,心
光与影_op,10月前,\
光与影_op,10月前,嫂子台]心汁义一一恩
光与影_op,10月前,白水一个刁・成・
光与影_op,10月前,文丫边一√∩由刚卫
lulu读书会晨光,10月前,曲率飞船，在《多啦A梦》原著时候也就是二十多年前就有了在里面叫撬曲空间。真没觉得是多了不起的脑洞。
与谁同轩,10月前,刚看完极地恶灵，准备把原来没看完的三体再仔细重温一遍。
邓倬悦,10月前,程心并不知道那颗星星是云天明送的呀！
东雪玲凡,10月前,生于时代 幸于时代 不管人类对地球作出多大的伤害 也才有了我们现在的美好生活 也悲于时代 如果把生活想的太黑暗也没啥意思了 虽然人人都是凶手 但对于受益者的我们来说 更没啥资格去批判吧 想一下就好 要不然多反人类呀 我们能做先开枪的人也挺好的 其实换个角度想想侏罗纪时代 对于现在的飞禽猛兽也不能算是个安乐窝吧 不管怎么样 我们都是受益者
金三少小桃子,10月前,饱暖思yin欲
1350758uwhm,10月前,你不是说三体监视的着所有人吗？那你把人类的秘密都说了，三体不就全知道了吗
oOZ,10月前,那核弹怎么放到太空里
我存在在我的存在0,10月前,太有意思了……我本来是要到图书馆写作业的 没想到听了一个多小时……
月光下对白,10月前,我不懂历史，不懂物理，但我能够理解《三体》，并为之深深着迷。
笃之_7t,10月前,核弹都布置好了，再烦的事特别特别清算了上去就只能送一个人大脑，因为这一个人上来，就算马云上去也不行啊，马云好歹也有几十斤重了，晚上有大家系一种对身体的这个无限的信任，就说以他们高度发达的科技，他们一定能够把这个大脑恢复成了一个人，或者恢复成一个像他们那样的生物，但是长的是我们人类的大脑，大脑里还记得我的任务是我要去大乳山体内部，我非要去找一个大脑水另一位男2号出场聊着，那就明天明哦，原来是个潘浚从我在大学里头，明天去发女生的，理工科里面的这样的一个男同学在这里跳舞，从来不站在我深深的爱着他打。
笃之_7t,10月前,普通话不标准！讯飞输入成这样！
随心所欲_sll,10月前,您讲的很好 ，希望能将卡耐基的《人性的弱点》和《高效能人士的七个习惯》
浮生_kg9,10月前,片尾曲好好听，求问是那首歌
ldlroom,10月前,已经被三体人送走了
ldlroom,10月前,书里已经写了，有了坐标根本不侦查是不是已经被清理了，直接就开干了
ldlroom,10月前,是靠核弹加速呢，直接发送飞船你能达到那个速度啊
数星星的小熊,10月前,有些内容和人类简史几乎相同呀
释吉秀,10月前,继续讲呀
1356975dqrg,10月前,
小马哥_xkt,11月前,晓松的话题大量参考了《人类简史》和《未来简史》
gikin_wo,11月前,我的矮大紧老师
唐懂懂_7l,11月前,这几期关于三体的内容好多都是《人类简史》中的内容啊。
油条桑,11月前,光是听到程心两字就觉得恶心 圣母biao
张志远_9y,11月前,牛
张志远_9y,11月前,说一下，宇宙成成画了
薄荷糖的夏,11月前,禹搏,11月前,解读三体过程中好多硬伤啊，虽然不太影响整体解读，但是对于没读过三体的听众来说还是不太尊重原著的。证明应该只是快速的读了一遍左右
小丽萨96,11月前,对猪其实很聪明鸡牛也有感情会感受到痛苦。人类最残忍的。
雁南飞_ets,11月前,听了晓说，爱上了晓松
1362824jmzj,11月前,问一下：三体毁灭后，在三体上的云天明是怎么活下来的？
跟随同行,11月前,羽（宇）飘！高老师实在是高
墁芝,11月前,晓松哥，大牛的阳泉不是县城，我们是全国最早建立的市---阳泉市。
北国樱桃,11月前,作为一个深度三体迷，你的叙述能力太差了
光影寻梦,11月前,借三体评论人类历史，说的太好了
38phapf2c4okztp9zgwm,11月前,说的非常吸引人，通俗易懂！
小云云_bf,11月前,三体无解
树莓谭,11月前,-:-O
小豆砸1,1年前,没看过三体，我都听不懂你在讲神马
1889497amll,1年前,你们是不是没有看过优酷视频的晓说，里面都是牛哔啊…………这是为了过审
teddy2016,1年前,
teddy2016,1年前,
齐云_w7,1年前,i
乔伊vv,1年前,解读的太好了，强强:thumbs_up:
曹杨2016,1年前,听了特别好，特别棒很有知识
何孝珍在未来等现在,1年前,看完再听吧，良心建议。
碎花姑凉,1年前,历史留给人类唯一的教训就是从来不吸取教训。 人性从来如此
壮一帆,1年前,a非常有趣
饶小河_o6,1年前,晓松对三体的评价几乎跟我一样
八刀_rb,1年前,程心让云天明捐脑子的时候不知道星星的事。
请叫我小纯洁_2r,1年前,宇宙第一备胎云天明。
飞马踏燕_af,1年前,感谢老师
x96wos1dukuv04esbkx7,1年前,这里不对了。是脑子送走以后 程欣才知道云天明送她星星
Rucchi_sf,1年前,不愧是北大四才子
剑胆琴心95,1年前,考验量子通讯卫星
云水释禅心,1年前,我们都是反人类的
ankiy,1年前,吃人，不就是大主宰嘛，很像。
doris_hcy,1年前,接力放屁
NO1900,1年前,这本书说明国人不缺乏思想，不缺乏创造力。千百年前这片土地可以向世界输出思想与技术，而今天却很难创造出被世界所接受思想，技术等等。
BigMagnet,1年前,哈哈哈哈哈哈三题在书架躺很久了，读完手头这本读三体！
丁婧_t0,1年前,矮大紧老师不厚道了，骗了伯爵
莫名得意,1年前,大部分的认知和《人类简史》讲的一样
痴傻呆},1年前,讲的真好
Superboy_f8,1年前,那核弹怎么放置在路上各个相应的位置点的呢？
叫什么我鬼知道,1年前,程心不是因为云天明送他星星才推荐他去的 并且在知道云天明送给她星星之后非常痛苦和后悔
福禧宝贝,1年前,太喜欢高老师了！！！
生菌,1年前,总穿插有《人类简史》里面的内容。。。
乐乐的广播,1年前,啊啊啊
无奈的勺子,1年前,这笑声太魔性了
悦兰_13,1年前,三体看了两遍，也没看进去……
痕迹_gl,1年前,这里有bug 核弹怎么放在路线上的
敏_lx,1年前,听你讲，都烧脑
敏_lx,1年前,希望看完三体，我能成佛
小太阳_3uc,1年前,为什么老是听到开车的声音？
walle__l4,1年前,碉堡了，花三百万买一恒星证书，直接拿三百万砸呀
雪之_Snows,1年前,很棒
Yangbeyoung,1年前,我仿佛在看人类简史
Yangbeyoung,1年前,人类简史
暖妈_w7,1年前,啊
暖妈_w7,1年前,-
暖妈_w7,1年前,-+-啊-啊
挪威的浆糊_,1年前,接力放屁把我笑惨了
了缘自在,1年前,在国外无法听了，有没有其他可以在国外收听的平台还可以听的？
追风丶丶丶丶,1年前,自从看了三体，走到空旷的地方总是不自觉的就抬起头看向天空，从那以后，我的眼中不再有美丽的蓝天白云，如画的繁星点点，深邃的目光像是穿透了时空，到达那无边无际尽如同墨染的宇宙，浩瀚，渺小，悲哀，敬畏，恐惧，一直在心头挥之不去
卓卓_vi,1年前,能把人类简史和三体一起说我也真是服
再生缘_xy,1年前,:cactus::cactus::cactus:
xinyi_25,1年前,有人吗
百熬的粥粥,1年前,喜欢，佩服，听了好几遍！大紧追随者！
路人甲_h8s,1年前,3亿吨是怎么算出来的
易美美居壁纸,1年前,这都是什么?_?浪费时间，lj
Helen_nuv,1年前,我想晓松老师最近一定看了尤瓦尔的《人类简史》，这期里面连续引用了多个书中的例子。
乌龟卡卡,1年前,那阶梯计划里的炸弹又靠什么运过去呢:face_with_tears_of_joy:
1301999gegb,1年前,…
特狼川普,1年前,三体如秦王墓不可条件不足就拍 一定会拍坏 目前只有好来巫有这能力
苗_n6,1年前,你可以不听
baijie_7w,1年前,矮老师也挺圣母心的，其他物种如果进化的比人类先进，也会把人类灭掉的，并不会好到哪里去同情其他物种的，包括伊文思，都tmd圣母心，一样导致地球灭亡，弱肉强食，千古真理，并不会因为哪个文明或哪个物种而变高明。死神永生才是真理，再牛的文明，最终也要灭亡！
dolly99860,1年前,晓松说其实。
dolly99860,1年前,也是
调零风暴,1年前,好好的放什么屁
KingWashington,1年前,唉唉:pensive_face:
KingWashington,1年前,唉
风继续吹_nn,1年前,商业领域每个人不都在自己公司当猎人或是猎物吗？生怕别的公司技术爆炸:collision:。阿里巴巴就是我们所知的三体。
雨竹_eo,1年前,只有我不时听到节目里有拖拉机的声音吗？
徐志涵,1年前,经历过爱和绝望才能知道云天明的想法
兀兀llf,1年前,还没看之前 光看名字“三体”，以为是外国人著作了，厉害了 大刘！ 幸亏晓松老师精讲解，才能理解这脑洞！
lixueling,1年前,有人吗
王老邪_2f,1年前,很想知道发射“小帆船”的核弹是怎么一个个放在太空的？特别是最后一个？我是不是特傻
玛索_8d,1年前,为什么很多时候突然有发动机的背景声音啊？有人听到么？？？？
青春边缘丶,1年前,当时程欣不知道星星是云天明送的啊
Woo席席席,1年前,不喜欢吡～的一声诶
stone0066,1年前,这么好的书，高晓松讲的也好，就里面那个BB的屏蔽声音真烦人！人家晓松口头语说牛B怎么了，你要是屏蔽就屏蔽全了，又漏了那么多，真sha bi！毁了好好的作品！
b8gr190muw7e4722uu4y,1年前,晓松讲的批判人类部分内容，很多来自《人类简史》，不过讲的不错
飞就飞_mx,1年前,还有美洲野牛
水滴_pQ,1年前,谢谢
我本善良_kv,1年前,三体不是不知道，而是进入智子屏蔽区
18615692kwu,1年前,节目中的汽车引擎声,算是植入广告吗，谁想的破点子，增加不了半点美誉度，然而引起人反感
张三_gc,1年前,今夜我在德令哈，海子的诗，德令哈人留言
暗淡蓝点_35,1年前,三体知道的，三体的计划是攻击地球的同时利用水滴攻击万有引力号，但是被蓝色空间号利用4维空间攻击。把水滴毁灭了。这是三体没想到的
Duan_aj,1年前,人类简史背的挺熟
Eric_j4,1年前,怎么还不更新呀
随风_os8,1年前,笑的好淫荡
t双_os,1年前,听你说真有意思
未来未来d,1年前,三体知道好吧，有个水滴跟这万有引力号的，只是当时万有引力号驶入了四维空间的碎片，直接从第四维将水滴的航道拨动了
13701785qga,1年前,
Callas_YY,1年前,晓松说的是，三体对人类的绝望！去年看完三体那会儿，抑郁了好一阵！
用户6053302618,1年前,最爱蔡康永，因为奇葩说爱上高晓松。
文文_y8a,1年前,好想马上去看《三体》
一只吐槽男,1年前,三体太震撼了，太宏大，人性太丑恶，估计以后也是慢慢会灭绝吧？？好恐怖……
赫尔辛根默斯肯_m2,1年前,怎么感觉大紧的声音这么贱呃
royal_4m,1年前,当时我一看到《三体》里写的降维攻击，莫名的就想起我女儿学她老师骂人的话:我一巴掌打着你粘墙上，用锅铲子把你铲下来。
医生喵,1年前,每次听到汽车启动的声音，都以为矮大紧老师要“开车”了…
千载明道_yg,1年前,有点想看
bgq5m5ygb9ntt2q0vkqw,1年前,你这不让海外收听是啥么意思呀？
南海南海_hr,1年前,三体描述的是人性
李维湘,1年前,排版怎么是个反的啊，4,3,2,1还有不要那么多哔哔哔，声音又响，难听死了
jiulian0,1年前,一
几分之几_XG,1年前,呵呵，多看书
2zhitigers,1年前,有一些小说中的精彩细节解读错了，高晓松三体系列的解读真的不怎么样～
Roland74,1年前,大部分是在转述《人类简史》中的内容，然后加上对三体的简介。
1859573lgul,1年前,大脑是靠核弹接力发射到三体的，那么核弹是怎么发射到指定地点的呢
947826825,1年前,。。。你这反了吧？
何字共七笔,1年前,你热泪盈眶不盈眶算个屁呀:grinning_face_with_smiling_eyes:哈哈哈哈哈哈
那是一小块凝固的时间,1年前,还有傻b改成傻
归零不是零,1年前,恶魔:angry_face_with_horns:总是用自己的规则揣测别人
爱动脑的小壮壮,1年前,先支持一下晓松
爱动脑的小壮壮,1年前,三体出游戏 我一定支持！
轶哥吉祥,1年前,矮大紧
等好学生,1年前,
NatsuCHyperion,1年前,《人类简史》里的观点
TimerJack,1年前,好
菊福Lee,1年前,大刘写女人真的迷。。。。
luying_3i,1年前,听不懂
Asura_7z,1年前,两齿兽不是人类灭绝的吧 :face_with_tears_of_joy:
紫微_YU,1年前,mzs 我 wotwa
伯虎_26,1年前,大刘用叶文洁的角度写出了自己乃至一代知识分子对文革的愤恨，高老师心知肚明大刘当代曹雪芹的曲笔用意，同感颇深估计
M儒,1年前,联合国贩卖恒星就好比中世纪罗马教廷搞的“赎罪券”。
傍晚六点钟,1年前,为了矮大紧 特意去看完了三体 才来听
明月清风我_dv,1年前,超级喜欢小松
他夏了夏天_z0,1年前,程心喽～～～
小国_sq,1年前,大紧求求您了，别再说3体了，我们好多粉丝根本没看过这是什么东西啊
一只水螅,1年前,希望不要有这么多奇怪的声音……超级影响听书感受的。
好名字_tY,1年前,瞎扯淡
弯弓_rc,1年前,为啥不直接买套书看
鲍鲍4,1年前,高晓松讲得真好
素止灵,1年前,喜欢晓松的风格，爱听
夜留香_0j,1年前,云天明不是去三体。
冉祯伟,1年前,核弹又怎么布置呢。
13615669ajq,1年前,本集有点失望啊。前面3集都是三刷的
一只雪姨,1年前,程心太讨厌了
NWAMTF_G8,1年前,有才
流岚_樱花,1年前,三体至今只看完黑暗森林，一直觉得这书的评价太高了，原来是我没看懂，还是太年轻！
一城YICHENG,1年前,咦？不是青铜器号吗？
一城YICHENG,1年前,也是，看三体不能格局这么小，问啥问，这都不是事儿
哎YOU味杂货铺,1年前,高老师应该把细节也讲出来。也跟大刘一样想到什么去网上搜搜。人类怎么会有3亿顿呢
哎YOU味杂货铺,1年前,奥我自己弄错了
15101359cvk,1年前,64亿人×平均50千克=3000多亿千克=3亿多吨
米其林_rz,1年前,睿智哥
天意_9i,1年前,说人类的劣根性不如说是中国人的劣根性
孙军_fa,1年前,感谢高晓松 希望你保持健康 才能给我们源源不断地讲解知识
苦瓜坊主,1年前,不会说前再看一遍么。一堆bug。本身剧透就很可恶了
pb1j1,1年前,你们能不能买正版
心o旁骛_v8,1年前,马云才几十斤？
冰激凌1983,1年前,忽悠怎么不打哔哔声呢？要么不做，要么做绝呗
弥夜_51,1年前,万有引力号三体人知道，还派水滴坠击了的，只不过被阻截了，才发出的信号。
nn_kc,1年前,海外语法播放了？为啥啊。。。
ice_a9,1年前,:thumbs_up:
懒猪不怕开水烫,1年前,是先送脑子再发现云天明送星星吧
哇哦橙子,1年前,一个有魅力的巨作，和一个有魅力的"老男人"
美国免税代购茜,1年前,海外华人听不到 差评
我终究不是,1年前,你派一个人过去质子不会知道吗
Joey芊言玩语,1年前,金玉满堂12,1年前,
旁观者_zd,1年前,有口误啊。剩下的俩战舰是蓝色空间号和青铜时代号。
仙人掌_hp,1年前,为啥海外不让放了啊
识力,1年前,脑洞大开
策策Cc,1年前,顺带讲了讲人类简史
心即理致良知,1年前,三体是知道万有引力号的，只是追击的水滴进入智子盲区被干掉了，万有引力才得以发出引力波广播。
不端不装,1年前,无论你们是何种生物，创建了何种文明，只要是宇宙间有生命的物体。都注定覆灭，唯死神永生。
不端不装,1年前,客气，当初看原著时也没这样觉得，感觉怪怪的。现在听高老师复习一遍，反倒是有点启发。哈哈
chronicler,1年前, 标题是这个意思吗？我要好好想想。受教了！
y_00,1年前,晓松老师插曲都是人类简史的内容啊
Rui_os,1年前,磷虾总数的重量是超过人类总重滴
微辣_i2,1年前,不断加速加速加速才能更快把飞船送到三体，不然速度达不到要花很长时间
Daisy_ypq,1年前,为啥版权限制我们在海外生活的人儿不能听，这是地域歧视
天天_dwc,1年前,大紧哥哥 讲讲 红楼梦吧
weiwei3c,1年前,三体缺少长久的恒纪元 不是应该比球人发展更慢些吗？难道他们有攻略？bug.
weiwei3c,1年前,为啥海外的不让听了？自媒体为啥有版权问题？
weiwei3c,1年前,三体有个bug. 如果他们没有长久的恒纪元，那么文明的发展就会比较缓慢？为啥还能比地球人发达？不应该是我们比较发达吗？除非他们有攻略
chronicler,1年前, 文明出现早呗。发展是比地球慢，所以才派质子锁死人类的科技。
盈之泰,1年前,老高语言接地气，之前节目经常反复听
田甲由申田,1年前,这就和人吃猪但是不恨猪一个道理
十六门总督,1年前,地球上人类70亿，3亿吨重，平均每个人42多公斤，这不合理呀！
chronicler,1年前, 大家治学好严谨。同情矮大紧
wingred,1年前,高晓松到底有仔细看过吗？逻辑关系跟小说完全两回事
木同_k6,1年前,很好
考虑听,1年前,片汤
笔画王,1年前,为什么海外不能听了……
13709109gtd,1年前,可以啊！
autumnxin,1年前,人性太透，一个好了伤疤忘了疼，一个忘恩负义，一个历史给人类的唯一教训就是不吸取教训。
tinXtin_菲秧,1年前,听到三体死的时候真是控制不住自己的眼泪，我的话大概会是降临派吧。
Seeme3678,1年前,高老师能说说中国审美的变化吗？包括人的容貌，服装，时尚，音乐，影视等。能讲讲这些变化是由什么引起的，怎么发展的吗？比如零几年的时候明星造型普遍杀马特，近几年却消失了，形成了另外一种风格（虽然我也不知道是什么风格），这是由什么引发的，如何进展的呢
张挺_q1,1年前,马云好歹也有几十斤重
空由,1年前,弯曲空间…缩地成寸？
维纳斯的手_kb,1年前,gxs:你是不是脑子被驴踢了
现实最虚拟,1年前,轮流放屁，哈哈，矮大紧，真是服你。不过后面人类对其他人、动物等的大灭绝确实的，唉，刚看了尼安德特人灭种、美洲生物大灭绝，人类真是谁挡杀谁，不挡也杀光
齐鹏_lM,1年前,超赞高晓松:thumbs_up:
山湖映,1年前,云天明和程心的见面，以及云天明讲的那三个故事，值得讲一波。
青春走慢点_8c,1年前,说的什么听不懂
南风文化,1年前,唾手可得
用诗情画意通透风情,1年前,那核弹用什么动力布置到去三体的路上呢？
笑笑_vx3,1年前,谢谢晓松老师的无私分享!崇拜您！期待晓松老师讲讲红楼梦~~~
快乐的鱼儿_0f,1年前,鸦片战争中，在中国的外国传教士是真正为深受鸦片毒害的中国老百姓呼喊的一群人。清政府要税收，代表资本家利益的英国政府要暴利，中国老百姓愚昧无知。鸦片战争并不能决定英国人的鸦片是否还能继续在中国贩卖。这些传教士把中国真实的情况告诉自己所在国的教会，家人。得知真实情况的家人，教会组成不可小觑的力量对英政府施压。
Milo_Chen,1年前,万有引力号是因为进入了四维泡泡把水滴干掉才活下来的。
乳糖不耐症患者,1年前,矮大紧的笑声太有感染力了，哈哈哈
三豪仔,1年前,讲三体的还有第四期吗？
叫我花君吧,1年前,更新太慢了，好揪心
1378016stua,1年前,还有吗？感觉没讲完啊
马拉个萌,1年前,上期说最后剩下的两艘人类飞船是蓝色空间号和青铜时代号，这期咋出现了一个万有引力号？
萝卜嗝,1年前,晓松老师有没有注意到对大低谷的描写
一玫子,1年前,听着有种读人类简史的错觉
hi水果先生,1年前,今天一天已经听了N遍了
佳P_w,1年前,喜欢，希望可以继续
不负光阴0不负卿,1年前,晓松更新的好慢啊，漫长的等待～～
步步wair,1年前,终于等到三啦
愚蠢滴人类,1年前,我也有过那种想法。。人太多了怎么办
18613190pzu,1年前,开心果儿929816146260,1年前,说三体略微有些虎头蛇尾。可能是受篇幅的限制。留下一些空间后续接着谈
猫的船,1年前,听完三体123后，发现大紧的点评copy了好多《人类简史》这本书上的内容……
fengmeiyimin,1年前,白左高晓松，真恶心！
fengmeiyimin,1年前,圣母婊！
fengmeiyimin,1年前,圣母婊！
华为体验店,1年前,谢谢
13512853uqv,1年前,我看的程心推荐程天明的时候，似乎是不知道程天明捐星星给她的，对吧
火柴人804,1年前,全世界所有动物的重量绝不止一亿吨。光海里的鳞虾就有十多亿吨。蚂蚁的重量加起来也有几亿吨。
雪兔lyra,1年前,引爆这么多核弹造成多严重的太空污染啊
徐渐次,1年前,高晓松圣母了
ratyy,1年前,把脑子发出去后，才收到星星吧。
冯冯_02,1年前,不要总是比比比，成不成
杨玉莉_0y,1年前,高晓松老师讲得太好了，感恩高老师。
ZHENIA,1年前,夜空中最亮的星这首歌简直就是云天明为程心而写的一样，每次听这首歌，想着三体里描述的情节，感动到不行啊。
小剑_pr,1年前,圣母毁灭人类
哈瓦那的猫,1年前,中间扯的有点远了
小剑_pr,1年前,是不是为殖民史翻案呢。
刘阳_iC,1年前,圣母，毁灭人类。
汪文斌_n7,1年前,哦么ona'haz...00982yyyg
18911516tem,1年前,特别喜欢你说的三体
灵动那一天,1年前,大紧老师能不能一周多更新两集啊，晓松老师啊你能不能看到我的评论啊:grinning_face_with_smiling_eyes:
联想369,1年前,是蓝色空间号毁的水滴
戒不掉的桃花酒,1年前,想要听《易经》
饕餮乌龙,1年前,奇怪的是为什么看不进去呢？
曾_e1,1年前,晓说真能侃，有点意思，喜欢听。
梦尘_cu,1年前,三体超级无敌好看！越往后看越绝望人性很久之后听你讲三体，按着时间顺序……再度陷入绝望……因为……你没讲完我要等下一期啊啊啊等不及好不好嘛
aiwuhen,1年前,不是青铜什么号吗
aiwuhen,1年前,你说资本主义社会发展的时候充满理解 说人类发展的时候充满丑恶 包括三体的发展 不都一样吗？为了发展生存毁灭其他弱小的事物。
aiwuhen,1年前,难道人类不是为了生存
thickeyebrow,1年前,纠正: 成心一开始不知道云天明送星星，云天明大脑被取出的时候韦德告诉他的
白胖兔,1年前,波波星人也让人类住澳大利亚=。=
caicaicat,1年前,没讲完啊……
未小与央Z,1年前,推荐“大屁股哈哈笑”讲的三体，让人听过后，感觉他读出的人物，就是“刘慈欣”
姜太公001,1年前,贩卖黑奴、印笫安人祓屠杀，欧美白人无罪，是黑人有错，印笫安人有罪。高没有统一价值观。
顾子静216,1年前,在
竹猪小窝,1年前,废话太多 干货越来越少
fabiolacao,1年前,c，
刚振宁,1年前,云天明知道的技术，三体人不成问题吧？那不是四光年就到了地球？
早早_r3,1年前,对的～我两年前看的～认为第三本写的不好～原来是我太浅薄
JedyQi,1年前,那些核弹是怎么放那么远的呢？
沧浪之水456,1年前,听的真过瘾，谢谢松哥!
宝元芝,1年前,晓松，把牛B改成牛吧！说脏话真的不好! 好像你是跟马未都聊过就说的这么随意了
好奇害不死的猫,1年前,被高晓松讲的三体吸引了，买来书开始看
QDX_a9,1年前,西班牙姜小垂,1年前,听完直接一口气看了一遍三体
有舍有得_oj,1年前,啥啊，听不懂啊
伴晚阳光,1年前,撸，了四十八年。
江在川,1年前,我的神评论
珈其乖乖,1年前,好样的晓松，很喜欢你孤傲的德行。这些年一直在追你的作品，感觉奇谈时期的作品最好，期待佳作
王健_3h,1年前,晓松兄弟 杂七杂八 讲些啥子
张一博_l3,1年前,终于出来了，花开终有时
年华是无效信_n3,1年前,终于更新了啊啊啊啊啊啊啊，好慢
命运巫师,1年前,小说还是更精彩，对技术的理解感觉也有偏差
淇妈1977,1年前,棒棒矮大紧
符新梅,1年前,喜欢小松老师的声音，太有学问了
看见我请让我滚去学习,1年前,超棒
夸雷司马,1年前,那些核弹放到轨道上需要多少时间？
灵魂人物_oi,1年前,晓松哥敢不敢说《支离破碎》
欧阳冠楠op,1年前,三体结合人类简史
vinividivicixiao,1年前,人类是毁灭会不会死于自己的贪婪？还是人类会自我修正？人类有马斯诺五个层次的需求，生理和生存是最低的两个。本期的大紧的评论大概是为了迎合听众
行者无疆7104,1年前,三亿，七亿，一亿的数字吓到我了
宇玟秋水,1年前,讲的真好！
炫我_d5,1年前,叶文洁是一个符号 罗辑是一种象征 维德与章只是一段跳动稍强的波 三体宇宙的上帝（作者）唯一钟情的只有程心..... 4周目之感悟
吃可爱长大的老巫婆,1年前,顺序有错，讲解有错（1.程心在让云天明把脑子送去宇宙是不知道是ctm送了她一颗星 2.三体把太阳这个发射器毁灭是在罗辑当执剑人之前。）
李云柯,1年前,晓松老师这叙事能力真是无敌了
寸口关尺,1年前,矮大紧老师最帅了
寸口关尺,1年前,之前一直没看完 一口气听完那两期就想看完啦 等这期等的好苦
江河入海流的海霖,1年前,给岁月以文明，而不是给文明以岁月
13521904ejj,1年前,倒底看的是《三体》还是《人类简史》
文的武,1年前,这几期讲的什么呀，
1594106qsqe,1年前,捉个小虫子，程心请求云天明把大脑送过去的时候还不知道云天明是那个送了她星星的人。在结果改变不了后维德才告诉她。
cpsa3,1年前,这期讲的内容大多都是《人类简史》里的
米其林_rz,1年前,长知识了！
FINALETANGO,1年前,终于更新了，更新了
康_7f,1年前,三体人禁止在澳大利亚人生育。
蓝涂蔚,1年前,忽然觉得大紧也是地球的人圣母，哈哈哈哈
sfwysl,1年前,程心只是程心，人类温室精英的标本。所谓圣母只是贴标签。
欧小翼843462,1年前,说的真好，感觉时间一下子就过去了..
我胡汉三又回来啦_ey,1年前,哈哈哈哈哈哈哈哈哈哈妈的没见过这么解释的
可语冰,1年前,终于等到了
Eddie_cu,1年前,
超级开心花房,1年前,感觉矮大紧不适合讲这一类
隔壁巷子的女孩,1年前,这个摩托车声够够的了好嘛
小开心_pi,1年前,讲的好
张博老师,1年前,给资本洗地也就算了，居然替三体人洗地
肖特基TUBE,1年前,接力放屁，太形象了
1860996lxuk,1年前,人性亘古不变！
饮冰十年_p4,1年前,傻鼻
智远_1k,1年前,程心并不知道谁送她的星星，直到把云天明的大脑发射时，维德告诉了他。因此他不是恩将仇报，相反她是怀着仁爱之心找的云天明，云天明在地球医疗条件下肯定是要死的，而且云天明有天文爱好，这是一个让他幸福的机会，所以找了他
丶粗鄙之人,1年前,只剩羊驼曹泥马
ponyoer,1年前,大紧老师哈哈哈笑起来太有感染力了
丿八戒叔叔,1年前,讲的虽好，但是看起来真的没这么精彩。
Ladygagaqq,1年前,哈哈，圣母开始并不知道云天明送了颗星星她，发射了脑子后才发现的
黑客_kl,1年前,更新了，在听一遍
雯cest_la_vie,1年前,印象中，三体被毁是因为他们的曲率飞船发动时会留下痕迹。这也是人类一开始对于制造曲率飞船争议颇大的原因，飞船启动之时，就是其他留下来的人暴露在黑暗森林之时。
舒心FM,1年前,为此买了刘老师的书
甜晚鱼,1年前,这一段记忆深刻啊，云天明这个可怜的人
Loriread,1年前,感动，看三体
9bang,1年前,三体 绝对是对人性的反思。
梦晴O_o,1年前,讲的三体，还穿插了人类简史
心想事成的大耳朵,1年前,本来看不懂，高老师讲完，我有点开窍了，谢谢！
白色金属2017,1年前,还是有不少错误的
郑鸿飞_l0,1年前,
日月星辰2013,1年前,光速飞船形成黑域把地球遮住，就可以不被发现，避免黑色森林法则
小崔崔_t0,1年前,啊 终于等到 没忍住去搜了个三体速读 先听了一遍 不过可没有矮大紧讲的好 听完感觉整本小说有一点点黑暗 
Robards,1年前, 是发自骨髓的黑才对。就像《狂人日记》，第一遍读不下去，第二遍顿悟＂我也吃过人＂，狂人后来也好了去吃人了。冷汗直冒。再后来就越害怕越想重读。我们都生活在黑暗森林里，在质子的监视中，在宇宙战争的废墟上…毛骨悚然！！
lily婧,1年前,来听啦
5260的喵,1年前,被种草了
耗耗耗子酱,1年前,刚好在看人类简史
王保保_is,1年前,这观点挺新颖的，不错
粉色头巾的大灰狼,1年前,喜欢！
奥萨马_本_萨利赫,1年前,晓松我爱你
流星划过_ez,1年前,永远比优酷晚更新一周，我也是郁闷
粑粑_we,1年前,听完了
百年孤独_Es,1年前,世界属于三体:person_raising_hand:
ktgmm911tkptu2ll2o7w,1年前,讲错的地方太多
张传文0,1年前,大家好！
呵呵i哈哈,1年前,大爱三体
MayAlice,1年前,太好了
Fell_35,1年前,太短了，节目时间太短了！
果然是你_bi,1年前,有趣的灵魂
邹少祺,1年前,沙发沙发沙发:beaming_face_with_smiling_eyes:
超_2zs,1年前,沙发
超_2zs,1年前,哈哈哈
SAKURA丨,1年前,晓说风轻淡雨云，挺有趣的
崔桂英_gr,1年前,难道我抢到了沙发？终于更新了
空虚公孑,1年前,沙发
极素_x8,1年前,沙发！
celeronfans,1年前,沙发？？？
品蓝_Nn,1年前,童话是第三部里最美的那部分
Mumuyao,1年前,难道是沙发？~ 三体看到一半，正好这部分不知道
最近没有腰小姐,1年前,更新了，好棒
Bob_c6,1年前,:thumbs_up:
Bob_c6,1年前,三楼
Bob_c6,1年前,二楼
Bob_c6,1年前,一楼
我去_h9,1年前,沙发
你若情深我定死随,1年前,先占个位，终于等到更新了
DJ女婶,1年前,
15251384bqx,1年前,几人
1332825ifec,1年前,我的偶像～！
Skye17878,1年前,滴滴 打卡
一f青年,1年前,等来
一支非洲小象腿,1年前,开心，更新～
